Workbook

Sheet Relatorio_Carga_Maquina1
A1: Grupo 3
A2: Recurso | B2: Cod. | C2: Descrição | D2: Período | E2: Car. Total | F2: Car. Disp. | G2: Car. Prog. | H2: % Carga | I2: Car. Terc. | J2: Car. Setup | K2: % Setup | L2: horas extras
A3: 1 | B3: TC_1 | C3: TEAR CIRCULAR 1
D4: 13 | E4: 84 | F4: 84 | G4: 83.95 | H4: 99.94 | I4: 0 | J4: 0.25 | K4: 0.3
D5: 14 | E5: 84 | F5: 84 | G5: 83.95 | H5: 99.94 | I5: 0 | J5: 0.25 | K5: 0.3
D6: 15 | E6: 84 | F6: 84 | G6: 83.95 | H6: 99.94 | I6: 0 | J6: 0.25 | K6: 0.3
D7: 16 | E7: 84 | F7: 84 | G7: 83.95 | H7: 99.94 | I7: 0 | J7: 0.25 | K7: 0.3
D8: 17 | E8: 84 | F8: 84 | G8: 83.95 | H8: 99.94 | I8: 0 | J8: 0.25 | K8: 0.3
D9: 18 | E9: 84 | F9: 84 | G9: 83.95 | H9: 99.94 | I9: 0 | J9: 0.25 | K9: 0.3
D10: 19 | E10: 84 | F10: 84 | G10: 83.95 | H10: 99.94 | I10: 0 | J10: 0.25 | K10: 0.3
D11: 20 | E11: 84 | F11: 84 | G11: 83.95 | H11: 99.94 | I11: 0 | J11: 0.25 | K11: 0.3
D12: 21 | E12: 84 | F12: 84 | G12: 83.95 | H12: 99.94 | I12: 0 | J12: 0.25 | K12: 0.3
D13: 22 | E13: 84 | F13: 84 | G13: 83.95 | H13: 99.94 | I13: 0 | J13: 0.25 | K13: 0.3
D14: 23 | E14: 84 | F14: 84 | G14: 83.95 | H14: 99.94 | I14: 0 | J14: 0.25 | K14: 0.3
D15: 24 | E15: 84 | F15: 84 | G15: 83.95 | H15: 99.94 | I15: 0 | J15: 0.25 | K15: 0.3
A16: 2 | B16: TC_2 | C16: TEAR CIRCULAR 2
D17: 13 | E17: 84 | F17: 84 | G17: 81.25 | H17: 96.73 | I17: 0 | J17: 0.25 | K17: 0.3
D18: 14 | E18: 84 | F18: 84 | G18: 81.25 | H18: 96.73 | I18: 0 | J18: 0.25 | K18: 0.3
D19: 15 | E19: 84 | F19: 84 | G19: 81.25 | H19: 96.73 | I19: 0 | J19: 0.25 | K19: 0.3
D20: 16 | E20: 84 | F20: 84 | G20: 81.25 | H20: 96.73 | I20: 0 | J20: 0.25 | K20: 0.3
D21: 17 | E21: 84 | F21: 84 | G21: 81.25 | H21: 96.73 | I21: 0 | J21: 0.25 | K21: 0.3
D22: 18 | E22: 84 | F22: 84 | G22: 81.25 | H22: 96.73 | I22: 0 | J22: 0.25 | K22: 0.3
D23: 19 | E23: 84 | F23: 84 | G23: 81.25 | H23: 96.73 | I23: 0 | J23: 0.25 | K23: 0.3
D24: 20 | E24: 84 | F24: 84 | G24: 81.25 | H24: 96.73 | I24: 0 | J24: 0.25 | K24: 0.3
D25: 21 | E25: 84 | F25: 84 | G25: 81.25 | H25: 96.73 | I25: 0 | J25: 0.25 | K25: 0.3
D26: 22 | E26: 84 | F26: 84 | G26: 81.25 | H26: 96.73 | I26: 0 | J26: 0.25 | K26: 0.3
D27: 23 | E27: 84 | F27: 84 | G27: 81.25 | H27: 96.73 | I27: 0 | J27: 0.25 | K27: 0.3
D28: 24 | E28: 84 | F28: 84 | G28: 81.25 | H28: 96.73 | I28: 0 | J28: 0.25 | K28: 0.3
A29: 3 | B29: TC_3 | C29: TEAR CIRCULAR 3
D30: 13 | E30: 84 | F30: 84 | G30: 82.75 | H30: 98.51 | I30: 0 | J30: 0.25 | K30: 0.3
D31: 14 | E31: 84 | F31: 84 | G31: 82.75 | H31: 98.51 | I31: 0 | J31: 0.25 | K31: 0.3
D32: 15 | E32: 84 | F32: 84 | G32: 82.75 | H32: 98.51 | I32: 0 | J32: 0.25 | K32: 0.3
D33: 16 | E33: 84 | F33: 84 | G33: 82.75 | H33: 98.51 | I33: 0 | J33: 0.25 | K33: 0.3
D34: 17 | E34: 84 | F34: 84 | G34: 82.75 | H34: 98.51 | I34: 0 | J34: 0.25 | K34: 0.3
D35: 18 | E35: 84 | F35: 84 | G35: 82.75 | H35: 98.51 | I35: 0 | J35: 0.25 | K35: 0.3
D36: 19 | E36: 84 | F36: 84 | G36: 82.75 | H36: 98.51 | I36: 0 | J36: 0.25 | K36: 0.3
D37: 20 | E37: 84 | F37: 84 | G37: 82.75 | H37: 98.51 | I37: 0 | J37: 0.25 | K37: 0.3
D38: 21 | E38: 84 | F38: 84 | G38: 82.75 | H38: 98.51 | I38: 0 | J38: 0.25 | K38: 0.3
D39: 22 | E39: 84 | F39: 84 | G39: 82.75 | H39: 98.51 | I39: 0 | J39: 0.25 | K39: 0.3
D40: 23 | E40: 84 | F40: 84 | G40: 82.75 | H40: 98.51 | I40: 0 | J40: 0.25 | K40: 0.3
D41: 24 | E41: 84 | F41: 84 | G41: 79.45 | H41: 94.58 | I41: 0 | J41: 0.25 | K41: 0.3
A42: 4 | B42: TC_4 | C42: TEAR CIRCULAR 4
D43: 13 | E43: 84 | F43: 70 | G43: 67.75 | H43: 96.79 | I43: 0 | J43: 0.25 | K43: 0.36
D44: 14 | E44: 84 | F44: 84 | G44: 83.95 | H44: 99.94 | I44: 0 | J44: 0.25 | K44: 0.3
D45: 15 | E45: 84 | F45: 84 | G45: 78.55 | H45: 93.51 | I45: 0 | J45: 0.25 | K45: 0.3
D46: 16 | E46: 84 | F46: 70 | G46: 46.15 | H46: 65.93 | I46: 0 | J46: 0.25 | K46: 0.36
D47: 17 | E47: 84 | F47: 84 | G47: 73.4 | H47: 87.38 | I47: 0 | J47: 0.5 | K47: 0.6
D48: 18 | E48: 84 | F48: 84 | G48: 74.6 | H48: 88.81 | I48: 0 | J48: 0.5 | K48: 0.6
D49: 19 | E49: 84 | F49: 84 | G49: 78.55 | H49: 93.51 | I49: 0 | J49: 0.25 | K49: 0.3
D50: 20 | E50: 84 | F50: 84 | G50: 83.95 | H50: 99.94 | I50: 0 | J50: 0.25 | K50: 0.3
D51: 21 | E51: 84 | F51: 84 | G51: 83.95 | H51: 99.94 | I51: 0 | J51: 0.25 | K51: 0.3
D52: 22 | E52: 84 | F52: 84 | G52: 83.95 | H52: 99.94 | I52: 0 | J52: 0.25 | K52: 0.3
D53: 23 | E53: 84 | F53: 84 | G53: 83 | H53: 98.81 | I53: 0 | J53: 0.5 | K53: 0.6
D54: 24 | E54: 84 | F54: 84 | G54: 83.95 | H54: 99.94 | I54: 0 | J54: 0.25 | K54: 0.3
A55: 5 | B55: TC_5 | C55: TEAR CIRCULAR 5
D56: 13 | E56: 84 | F56: 84 | G56: 78.75 | H56: 93.75 | I56: 0 | J56: 2.25 | K56: 2.68
D57: 14 | E57: 84 | F57: 84 | G57: 83.2 | H57: 99.05 | I57: 0 | J57: 2.5 | K57: 2.98
D58: 15 | E58: 84 | F58: 70 | G58: 63.15 | H58: 90.21 | I58: 0 | J58: 2.25 | K58: 3.21
D59: 16 | E59: 84 | F59: 70 | G59: 39.25 | H59: 56.07 | I59: 0 | J59: 0.25 | K59: 0.36
D60: 17 | E60: 84 | F60: 70 | G60: 59.65 | H60: 85.21 | I60: 0 | J60: 0.25 | K60: 0.36
D61: 18 | E61: 84 | F61: 70 | G61: 36.55 | H61: 52.21 | I61: 0 | J61: 0.25 | K61: 0.36
D62: 19 | E62: 84 | F62: 70 | G62: 51.15 | H62: 73.07 | I62: 0 | J62: 2.25 | K62: 3.21
D63: 20 | E63: 84 | F63: 84 | G63: 77.3 | H63: 92.02 | I63: 0 | J63: 0.5 | K63: 0.6
D64: 21 | E64: 84 | F64: 70 | G64: 54.7 | H64: 78.14 | I64: 0 | J64: 2.5 | K64: 3.57
D65: 22 | E65: 84 | F65: 70 | G65: 56.8 | H65: 81.14 | I65: 0 | J65: 2.5 | K65: 3.57
D66: 23 | E66: 84 | F66: 70 | G66: 10.15 | H66: 14.5 | I66: 0 | J66: 0.25 | K66: 0.36
D67: 24 | E67: 84 | F67: 70 | G67: 44.9 | H67: 64.14 | I67: 0 | J67: 0.5 | K67: 0.71
A68: 6 | B68: JET_1 | C68: MAQ TINGIMENTO 1
D69: 13 | E69: 84 | F69: 70 | G69: 63.5 | H69: 90.71 | I69: 0 | J69: 12.5 | K69: 17.86 | L69: =F69-70 -> 0
D70: 14 | E70: 84 | F70: 70 | G70: 62 | H70: 88.57 | I70: 0 | J70: 11.5 | K70: 16.43 | L70: =F70-70 -> 0
D71: 15 | E71: 84 | F71: 84 | G71: 68 | H71: 80.95 | I71: 0 | J71: 12.5 | K71: 14.88 | L71: =F71-70 -> 14
D72: 16 | E72: 84 | F72: 84 | G72: 69 | H72: 82.14 | I72: 0 | J72: 12.5 | K72: 14.88 | L72: =F72-70 -> 14
D73: 17 | E73: 84 | F73: 70 | G73: 59.5 | H73: 85 | I73: 0 | J73: 11 | K73: 15.71 | L73: =F73-70 -> 0
D74: 18 | E74: 84 | F74: 70 | G74: 55.5 | H74: 79.29 | I74: 0 | J74: 10 | K74: 14.29 | L74: =F74-70 -> 0
D75: 19 | E75: 84 | F75: 70 | G75: 59.5 | H75: 85 | I75: 0 | J75: 11 | K75: 15.71 | L75: =F75-70 -> 0
D76: 20 | E76: 84 | F76: 70 | G76: 63.5 | H76: 90.71 | I76: 0 | J76: 12 | K76: 17.14 | L76: =F76-70 -> 0
D77: 21 | E77: 84 | F77: 70 | G77: 63.5 | H77: 90.71 | I77: 0 | J77: 12 | K77: 17.14 | L77: =F77-70 -> 0
D78: 22 | E78: 84 | F78: 70 | G78: 62 | H78: 88.57 | I78: 0 | J78: 11.5 | K78: 16.43 | L78: =F78-70 -> 0
D79: 23 | E79: 84 | F79: 70 | G79: 62.5 | H79: 89.29 | I79: 0 | J79: 11.5 | K79: 16.43 | L79: =F79-70 -> 0
D80: 24 | E80: 84 | F80: 70 | G80: 64.5 | H80: 92.14 | I80: 0 | J80: 13 | K80: 18.57 | L80: =F80-70 -> 0
A81: 7 | B81: JET_2 | C81: MAQ TINGIMENTO 2
D82: 13 | E82: 84 | F82: 56 | G82: 51.5 | H82: 91.96 | I82: 14 | J82: 9.5 | K82: 16.96 | L82: =F82-70 -> -14
D83: 14 | E83: 84 | F83: 70 | G83: 56 | H83: 80 | I83: 0 | J83: 10.5 | K83: 15 | L83: =F83-70 -> 0
D84: 15 | E84: 84 | F84: 70 | G84: 62 | H84: 88.57 | I84: 0 | J84: 11.5 | K84: 16.43 | L84: =F84-70 -> 0
D85: 16 | E85: 84 | F85: 70 | G85: 56 | H85: 80 | I85: 0 | J85: 10.5 | K85: 15 | L85: =F85-70 -> 0
D86: 17 | E86: 84 | F86: 70 | G86: 60.5 | H86: 86.43 | I86: 0 | J86: 11 | K86: 15.71 | L86: =F86-70 -> 0
D87: 18 | E87: 84 | F87: 56 | G87: 49.5 | H87: 88.39 | I87: 14 | J87: 9 | K87: 16.07 | L87: =F87-70 -> -14
D88: 19 | E88: 84 | F88: 70 | G88: 65.5 | H88: 93.57 | I88: 0 | J88: 14 | K88: 20 | L88: =F88-70 -> 0
D89: 20 | E89: 84 | F89: 70 | G89: 57 | H89: 81.43 | I89: 0 | J89: 12 | K89: 17.14 | L89: =F89-70 -> 0
D90: 21 | E90: 84 | F90: 70 | G90: 61 | H90: 87.14 | I90: 0 | J90: 11.5 | K90: 16.43 | L90: =F90-70 -> 0
D91: 22 | E91: 84 | F91: 70 | G91: 56 | H91: 80 | I91: 0 | J91: 10.5 | K91: 15 | L91: =F91-70 -> 0
D92: 23 | E92: 84 | F92: 70 | G92: 56.5 | H92: 80.71 | I92: 0 | J92: 10.5 | K92: 15 | L92: =F92-70 -> 0
D93: 24 | E93: 84 | F93: 70 | G93: 63.5 | H93: 90.71 | I93: 0 | J93: 11 | K93: 15.71 | L93: =F93-70 -> 0
A94: 8 | B94: JET_3 | C94: MAQ TINGIMENTO 3
D95: 13 | E95: 84 | F95: 56 | G95: 50 | H95: 89.29 | I95: 14 | J95: 8.5 | K95: 15.18 | L95: =F95-70 -> -14
D96: 14 | E96: 84 | F96: 70 | G96: 59 | H96: 84.29 | I96: 0 | J96: 10 | K96: 14.29 | L96: =F96-70 -> 0
D97: 15 | E97: 84 | F97: 70 | G97: 60 | H97: 85.71 | I97: 0 | J97: 10.5 | K97: 15 | L97: =F97-70 -> 0
D98: 16 | E98: 84 | F98: 70 | G98: 59 | H98: 84.29 | I98: 0 | J98: 10 | K98: 14.29 | L98: =F98-70 -> 0
D99: 17 | E99: 84 | F99: 70 | G99: 60 | H99: 85.71 | I99: 0 | J99: 11.5 | K99: 16.43 | L99: =F99-70 -> 0
D100: 18 | E100: 84 | F100: 56 | G100: 49 | H100: 87.5 | I100: 14 | J100: 8.5 | K100: 15.18 | L100: =F100-70 -> -14
...

Sheet Gráfico 2 - Carregamento
A1: Recurso | B1: % Carga média
A2: Jet 1 | B2: =AVERAGE(Relatorio_Carga_Maquina1!H69:H80) -> 86.923333
A3: Jet 2 | B3: =AVERAGE(Relatorio_Carga_Maquina1!H82:H93) -> 85.7425
A4: Jet 3 | B4: =AVERAGE(Relatorio_Carga_Maquina1!H95:H106) -> 87.1725
A5: Rama | B5: =AVERAGE(Relatorio_Carga_Maquina1!H108:H119) -> 65.158333

Sheet Gráfico 6 - Horas extra e terc
A1: Recurso | B1: Horas terceirizadas | C1: Horas extras
A2: Jet 1 | B2: =SUM(Relatorio_Carga_Maquina1!I69:I80) -> 0
A3: Jet 2 | B3: =SUM(Relatorio_Carga_Maquina1!I82:I93) -> 28 | C3: 0
A4: Jet 3 | B4: =SUM(Relatorio_Carga_Maquina1!I95:I106) -> 56 | C4: 0
A5: Rama | B5: =SUM(Relatorio_Carga_Maquina1!I108:I119) -> 0 | C5: 84
